datetime,temperature,humidity,wind_speed,rain
2024-09-30 17:09:23,32.12,69,0.45,0.0
2024-09-30 17:31:06,31.96,67,2.1,0.0
2024-09-30 18:00:07,32.72,66,2.1,0.0
2024-09-30 19:00:09,33.05,64,1.79,0.0
2024-09-30 20:00:09,33.15,58,1.79,0.0
2024-09-30 21:00:08,32.9,58,2.68,0.0
2024-09-30 22:00:08,32.78,59,0.89,0.0
2024-09-30 23:00:07,31.75,67,2.27,0.0
2024-10-01 00:00:08,28.96,78,2.17,0.0
2024-10-01 01:00:09,28.31,81,0.45,0.0
2024-10-01 02:00:10,27.61,86,0.45,0.0
2024-10-01 03:00:07,27.06,87,0.45,0.0
2024-10-01 04:00:08,27.28,86,2.12,0.0
2024-10-01 05:00:07,26.7,88,0.45,0.0
2024-10-01 06:00:07,26.02,90,1.49,0.0
2024-10-01 07:00:07,26.18,91,1.04,0.0
2024-10-01 08:00:07,26.18,93,1.45,0.0
2024-10-01 09:00:07,25.44,94,2.11,0.0
2024-10-01 10:00:07,25.94,94,0.45,0.0
2024-10-01 11:00:07,25.94,94,0.45,0.0
2024-10-01 12:00:07,25.94,94,0.89,0.0
2024-10-01 13:00:07,26.98,93,0.45,0.0
2024-10-01 14:00:07,28.9,82,1.51,0.0
2024-10-01 15:00:07,30.01,71,1.0,0.0
2024-10-01 16:00:07,31.03,71,0.45,0.0
2024-10-01 17:00:07,32.41,67,0.45,0.0
2024-10-01 18:00:07,32.83,68,0.45,0.0
2024-10-01 19:00:07,32.42,66,0.46,0.0
2024-10-01 20:00:07,32.61,65,0.45,0.0
2024-10-01 21:00:06,29.68,79,1.79,0.0
2024-10-01 22:00:07,28.35,82,1.34,0.0
2024-10-01 23:00:07,25.62,89,2.24,0.0
2024-10-02 00:00:07,24.15,93,0.89,15.38
2024-10-02 01:00:07,23.33,94,0.89,8.42
2024-10-02 02:00:07,23.37,95,0.89,0.0
2024-10-02 03:00:07,23.37,95,2.91,0.0
2024-10-02 04:00:07,23.22,95,2.42,0.0
2024-10-02 05:00:07,23.38,96,0.45,0.0
2024-10-02 06:00:07,23.38,96,1.71,0.0
2024-10-02 07:00:07,23.38,96,1.73,0.0
2024-10-02 08:00:07,23.38,96,2.07,0.0
2024-10-02 09:00:09,23.22,96,2.0,0.0
2024-10-02 10:00:07,23.07,97,1.68,0.0
2024-10-02 11:00:07,22.87,97,1.95,0.0
2024-10-02 12:00:06,23.22,97,1.73,0.0
2024-10-02 13:00:07,24.76,97,2.03,0.0
2024-10-02 14:00:07,26.9,88,1.34,0.0
2024-10-02 15:00:08,27.17,83,1.65,0.0
2024-10-02 16:00:06,30.14,76,0.45,0.0
2024-10-02 17:00:07,28.94,78,1.59,0.0
2024-10-02 18:00:07,31.83,69,2.24,0.0
2024-10-02 19:00:07,31.79,68,0.89,0.0
2024-10-02 20:00:09,30.81,75,2.29,0.0
2024-10-02 21:00:07,30.74,73,2.24,0.0
2024-10-02 22:00:10,28.88,77,2.66,0.0
2024-10-02 23:00:10,27.64,85,0.89,0.0
2024-10-03 00:00:07,27.77,81,1.34,0.0
2024-10-03 01:00:08,26.95,85,1.34,0.0
2024-10-03 02:00:07,27.25,85,0.89,0.0
2024-10-03 03:00:08,26.66,88,1.34,0.0
2024-10-03 04:00:07,25.85,92,0.45,0.0
2024-10-03 05:00:07,25.85,92,1.79,0.0
2024-10-03 06:00:07,25.77,91,0.89,0.0
2024-10-03 07:00:07,24.92,93,0.89,0.0
2024-10-03 08:00:07,24.42,94,0.89,17.76
2024-10-03 09:00:07,24.39,95,1.34,0.0
2024-10-03 10:00:08,24.25,95,0.45,0.0
2024-10-03 11:00:07,24.25,96,0.45,0.0
2024-10-03 12:00:07,24.39,96,0.45,0.0
2024-10-03 13:00:07,25.94,95,0.89,0.0
2024-10-03 14:00:08,27.41,85,4.16,0.0
2024-10-03 15:00:07,28.72,82,4.24,0.0
2024-10-03 16:00:08,29.53,76,4.45,0.0
2024-10-03 17:00:07,28.88,78,4.38,0.0
2024-10-03 18:00:08,27.38,87,2.68,0.0
2024-10-03 19:00:09,28.26,66,4.49,1.0
2024-10-03 20:00:10,28.06,63,4.98,1.78
2024-10-03 21:00:08,27.3,92,2.24,0.0
2024-10-03 22:00:08,27.77,88,0.89,0.0
2024-10-03 23:00:08,26.51,87,1.34,0.0
2024-10-04 00:00:09,26.26,90,0.45,0.0
2024-10-04 01:00:09,25.55,91,3.05,0.0
2024-10-04 02:00:07,25.66,92,0.45,0.0
2024-10-04 03:00:06,25.15,93,0.45,0.0
2024-10-04 04:00:07,24.98,93,2.11,0.0
2024-10-04 05:00:07,24.96,93,0.45,0.0
2024-10-04 06:00:07,24.58,93,1.9,0.0
2024-10-04 07:00:07,24.57,94,1.98,0.0
2024-10-04 08:00:07,23.87,95,2.09,0.0
2024-10-04 09:00:09,23.87,95,0.45,0.0
2024-10-04 10:00:07,23.96,95,0.89,0.0
2024-10-04 11:00:08,23.96,95,0.89,0.0
2024-10-04 12:00:07,23.71,96,0.45,0.0
2024-10-04 13:00:07,26.45,91,1.79,0.0
2024-10-04 14:00:07,29.08,78,0.89,0.0
2024-10-04 15:00:07,30.25,72,1.79,0.0
2024-10-04 16:00:07,30.99,69,0.89,0.0
2024-10-04 17:00:06,32.11,64,0.89,0.0
2024-10-04 18:00:06,31.72,70,4.95,0.0
2024-10-04 19:00:07,31.2,72,3.58,0.0
2024-10-04 20:00:08,30.96,70,3.58,0.0
2024-10-04 21:00:07,30.92,68,1.34,0.0
2024-10-04 22:00:07,28.88,72,4.22,0.0
2024-10-04 23:00:08,27.62,77,0.89,0.0
2024-10-05 00:00:07,26.65,80,0.89,0.0
2024-10-05 01:00:07,26.08,83,0.89,0.0
2024-10-05 02:00:07,25.65,86,0.45,0.0
2024-10-05 03:00:07,24.42,90,2.35,0.0
2024-10-05 04:00:07,24.67,91,0.89,0.0
2024-10-05 05:00:07,24.41,92,2.49,0.0
2024-10-05 06:00:07,23.87,93,0.45,0.0
2024-10-05 07:00:06,23.87,93,2.59,0.0
2024-10-05 08:00:08,23.31,94,2.49,0.0
2024-10-05 09:00:07,23.45,94,2.46,0.0
2024-10-05 10:00:07,23.37,95,2.6,0.0
2024-10-05 11:00:08,22.77,95,2.47,0.0
2024-10-05 12:00:08,23.45,95,2.24,0.0
2024-10-05 13:00:08,25.88,90,1.79,0.0
2024-10-05 14:00:07,28.6,76,2.24,0.0
2024-10-05 15:00:07,28.69,73,3.53,0.0
2024-10-05 16:00:07,30.17,68,3.74,0.0
2024-10-05 17:00:08,29.96,65,4.33,0.0
2024-10-05 18:00:07,31.47,64,4.23,0.0
2024-10-05 19:00:07,31.06,63,0.45,0.0
2024-10-05 20:00:06,31.74,59,0.89,0.0
2024-10-05 21:00:07,31.21,63,4.47,0.0
2024-10-05 22:00:07,30.05,64,2.24,0.0
2024-10-05 23:00:08,28.36,68,0.89,0.0
2024-10-06 00:00:07,26.57,79,0.89,0.0
2024-10-06 01:00:07,26.63,80,2.24,0.0
2024-10-06 02:00:07,25.67,85,1.79,0.0
2024-10-06 03:00:07,25.05,88,0.89,0.0
2024-10-06 04:00:07,24.75,92,0.45,0.0
2024-10-06 05:00:07,25.06,90,2.75,0.0
2024-10-06 06:00:07,24.6,93,2.79,0.0
2024-10-06 07:00:07,25.06,91,0.45,0.0
2024-10-06 08:00:06,24.5,91,0.45,0.0
2024-10-06 09:00:08,24.54,92,0.45,0.0
2024-10-06 10:00:07,24.6,93,2.0,0.65
2024-10-06 11:00:07,24.11,94,2.04,0.56
2024-10-06 12:00:07,24.46,94,0.89,0.8
2024-10-06 13:00:08,23.58,94,1.34,0.0
2024-10-06 14:00:07,24.09,93,2.24,0.56
2024-10-06 15:00:07,23.85,92,1.34,0.0
2024-10-06 16:00:07,22.19,95,0.89,3.16
2024-10-06 17:00:07,22.63,94,1.79,1.15
2024-10-06 18:00:08,22.22,93,1.34,3.16
2024-10-06 19:00:07,22.25,94,2.6,0.75
2024-10-06 20:00:07,22.19,94,0.89,1.54
2024-10-06 21:00:08,22.25,92,0.89,0.0
2024-10-06 22:00:07,22.62,92,1.34,0.0
2024-10-06 23:00:08,22.26,93,0.89,0.0
2024-10-07 00:00:07,22.62,94,2.68,1.33
2024-10-07 01:00:07,22.35,93,5.17,1.73
2024-10-07 02:00:07,22.12,94,4.8,0.92
2024-10-07 03:00:07,21.81,95,4.45,0.0
2024-10-07 04:00:07,21.98,96,4.46,0.49
2024-10-07 05:00:08,22.01,96,4.08,1.89
2024-10-07 06:00:07,21.89,97,3.8,1.15
2024-10-07 07:00:10,21.88,97,3.63,1.33
2024-10-07 08:00:07,21.64,97,3.52,0.56
2024-10-07 09:00:08,21.41,97,3.4,0.0
2024-10-07 10:00:07,21.31,98,3.47,1.78
2024-10-07 11:00:07,21.5,98,2.71,0.0
2024-10-07 12:00:07,21.54,98,2.63,0.22
2024-10-07 13:00:07,21.66,98,3.19,1.2
2024-10-07 14:00:08,22.25,97,1.34,0.37
2024-10-07 15:00:07,22.35,96,1.34,1.0
2024-10-07 16:00:07,23.29,93,4.47,0.0
2024-10-07 17:00:07,24.15,89,2.68,0.0
2024-10-07 18:00:07,24.42,89,2.24,0.0
2024-10-07 19:00:08,22.88,94,3.58,1.33
2024-10-07 20:00:07,23.51,93,1.79,0.0
2024-10-07 21:00:07,23.7,90,3.58,0.0
2024-10-07 22:00:07,23.13,92,1.79,0.0
2024-10-07 23:00:07,22.77,93,4.02,0.0
2024-10-08 00:00:07,22.63,92,2.24,0.0
2024-10-08 01:00:09,22.77,93,1.79,0.0
2024-10-08 02:00:08,22.77,93,1.34,0.0
2024-10-08 03:00:07,23.13,93,1.34,0.0
2024-10-08 04:00:07,23.14,93,0.89,0.0
2024-10-08 05:00:07,23.2,93,1.34,0.0
2024-10-08 06:00:07,23.13,93,2.68,0.0
2024-10-08 07:00:06,23.12,93,1.34,0.0
2024-10-08 08:00:06,23.14,93,0.45,0.0
2024-10-08 09:00:08,23.12,92,2.24,0.0
2024-10-08 10:00:08,22.62,93,1.34,0.0
2024-10-08 11:00:08,22.97,93,1.34,0.0
2024-10-08 12:00:10,22.99,93,0.45,0.0
2024-10-08 13:00:08,24.03,92,0.89,0.0
2024-10-08 14:00:07,25.87,86,2.24,0.0
2024-10-08 15:00:07,26.68,84,1.79,0.0
2024-10-08 16:00:07,27.86,79,2.68,0.0
2024-10-08 17:00:07,27.78,77,3.13,0.0
2024-10-08 18:00:07,28.87,73,2.24,0.0
2024-10-08 19:00:07,28.88,72,1.34,0.0
2024-10-08 20:00:07,28.73,74,4.02,0.0
2024-10-08 21:00:07,27.78,78,1.34,0.0
2024-10-08 22:00:08,26.74,79,1.79,0.75
2024-10-08 23:00:07,26.47,82,0.89,0.0
2024-10-09 00:00:07,26.08,83,1.34,0.0
2024-10-09 01:00:07,25.58,87,0.89,0.0
2024-10-09 02:00:07,24.76,91,1.79,0.0
2024-10-09 03:00:07,24.75,90,1.34,0.0
2024-10-09 04:00:07,24.27,92,1.34,0.0
2024-10-09 05:00:07,24.23,92,1.11,0.65
2024-10-09 06:00:07,24.12,94,1.24,0.0
2024-10-09 07:00:07,23.74,95,0.45,0.0
2024-10-09 08:00:07,23.74,95,1.34,0.0
2024-10-09 09:00:07,23.88,95,1.79,0.0
2024-10-09 10:00:08,24.25,95,0.89,2.37
2024-10-09 11:00:07,23.73,95,2.24,1.38
2024-10-09 12:00:07,23.74,95,1.34,13.32
2024-10-09 13:00:09,23.73,96,2.68,0.0
2024-10-09 14:00:07,24.25,96,1.79,0.0
2024-10-09 15:00:07,23.87,95,3.58,0.0
2024-10-09 16:00:08,23.73,94,3.13,0.0
2024-10-09 17:00:07,23.87,95,4.02,0.0
2024-10-09 18:00:08,24.25,96,6.71,6.48
2024-10-09 19:00:07,23.87,96,7.15,11.53
2024-10-09 20:00:07,23.35,96,3.58,20.51
2024-10-09 21:00:08,24.03,97,3.13,1.78
2024-10-09 22:00:06,23.88,95,2.68,1.78
2024-10-09 23:00:07,24.24,96,6.71,0.0
2024-10-10 00:00:07,24.09,95,5.81,0.0
2024-10-10 01:00:07,25.2,95,2.68,0.0
2024-10-10 02:00:07,25.93,94,10.73,0.0
2024-10-10 03:00:06,26.25,88,8.49,0.0
2024-10-10 04:00:07,25.61,87,11.62,1.0
2024-10-10 05:00:08,22.8,92,7.15,0.75
2024-10-10 06:00:07,21.77,95,2.24,0.0
2024-10-10 07:00:07,22.26,96,4.92,0.0
2024-10-10 08:00:07,21.69,95,5.81,0.0
2024-10-10 09:00:08,21.68,89,7.6,0.0
2024-10-10 10:00:07,21.79,91,2.24,3.87
2024-10-10 11:00:07,21.18,94,3.58,1.4
2024-10-10 12:00:09,21.17,92,3.58,0.0
2024-10-10 13:00:09,20.59,95,2.24,0.0
2024-10-10 14:00:07,21.07,93,1.79,0.0
2024-10-10 15:00:07,22.65,88,3.13,0.0
2024-10-10 16:00:07,23.17,88,2.24,0.0
2024-10-10 17:00:07,22.05,84,8.0,0.0
2024-10-10 18:00:06,22.86,85,2.24,0.0
2024-10-10 19:00:06,23.0,84,6.69,0.0
2024-10-10 20:00:07,23.58,84,1.34,0.0
2024-10-10 21:00:06,23.95,84,2.24,0.0
2024-10-10 22:00:06,23.04,89,2.24,0.0
2024-10-10 23:00:08,21.68,93,2.24,0.65
2024-10-11 00:00:07,21.15,94,0.89,0.0
2024-10-11 01:00:08,21.48,93,2.24,0.0
2024-10-11 02:00:07,21.49,90,1.79,0.0
2024-10-11 03:00:09,21.67,90,1.79,0.0
2024-10-11 04:00:07,21.67,89,2.68,0.0
2024-10-11 05:00:07,21.67,88,2.24,0.0
2024-10-11 06:00:07,21.67,88,1.79,0.0
2024-10-11 07:00:09,21.52,88,2.24,0.0
2024-10-11 08:00:07,21.15,89,4.99,0.0
2024-10-11 09:00:07,20.72,90,1.34,0.0
2024-10-11 10:00:07,20.72,90,1.79,0.0
2024-10-11 11:00:07,21.07,88,1.79,0.0
2024-10-11 12:00:07,21.46,88,1.34,0.0
2024-10-11 13:00:07,22.26,86,1.79,0.0
2024-10-11 14:00:07,24.42,80,2.68,0.0
2024-10-11 15:00:07,25.54,72,7.15,0.0
2024-10-11 16:00:07,26.45,68,4.02,0.0
2024-10-11 17:00:07,27.03,67,2.24,0.0
2024-10-11 18:00:08,27.56,66,3.13,0.0
2024-10-11 19:00:07,27.84,65,2.68,0.0
2024-10-11 20:00:07,27.47,65,2.68,0.0
2024-10-11 21:00:07,26.37,66,1.34,0.0
2024-10-11 22:00:07,25.75,69,2.24,0.0
2024-10-11 23:00:07,24.67,73,1.34,0.0
2024-10-12 00:00:07,23.31,75,1.34,0.0
2024-10-12 01:00:06,22.86,77,2.24,0.0
2024-10-12 02:00:06,22.29,82,1.79,0.0
2024-10-12 03:00:08,22.29,83,1.34,0.0
2024-10-12 04:00:07,21.96,84,2.24,0.0
2024-10-12 05:00:07,21.59,86,2.75,0.0
2024-10-12 06:00:07,21.5,88,2.24,0.0
2024-10-12 07:00:07,21.52,87,0.89,0.0
2024-10-12 08:00:09,21.38,89,2.73,0.0
2024-10-12 09:00:07,20.94,90,0.45,0.0
2024-10-12 10:00:06,20.28,91,0.45,0.0
2024-10-12 11:00:09,20.28,92,0.45,0.0
2024-10-12 12:00:08,20.43,93,0.89,0.0
2024-10-12 13:00:07,22.61,88,1.34,0.0
2024-10-12 14:00:07,24.82,82,2.24,0.0
2024-10-12 15:00:07,26.83,73,2.24,0.0
2024-10-12 16:00:08,26.93,69,2.88,0.0
2024-10-12 17:00:08,27.78,61,3.39,0.0
2024-10-12 18:00:09,27.58,66,3.73,0.0
2024-10-12 19:00:07,28.43,62,1.34,0.0
2024-10-12 20:00:07,27.89,61,1.34,0.0
2024-10-12 21:00:08,28.49,59,1.79,0.0
2024-10-12 22:00:07,27.21,64,3.34,0.0
2024-10-12 23:00:07,26.63,65,2.24,0.0
2024-10-13 00:00:08,24.41,72,0.45,0.0
2024-10-13 01:00:07,23.85,78,0.45,0.0
2024-10-13 02:00:06,22.34,84,2.87,0.0
2024-10-13 03:00:06,21.26,87,2.74,0.0
2024-10-13 04:00:06,21.29,90,0.89,0.0
2024-10-13 05:00:07,21.09,91,2.26,0.0
2024-10-13 06:00:07,20.67,93,2.12,0.0
2024-10-13 07:00:07,20.67,93,1.85,0.0
2024-10-13 08:00:07,20.67,94,1.81,0.0
2024-10-13 09:00:07,20.66,95,1.95,0.0
2024-10-13 10:00:07,20.68,95,2.22,0.0
2024-10-13 11:00:07,20.68,95,2.43,0.0
2024-10-13 12:00:08,20.59,95,0.89,0.0
2024-10-13 13:00:07,22.56,94,1.34,0.0
2024-10-13 14:00:09,25.57,82,3.13,0.0
2024-10-13 15:00:07,27.5,74,1.34,0.0
2024-10-13 16:00:07,27.56,72,2.68,0.0
2024-10-13 17:00:07,28.94,67,1.34,0.0
2024-10-13 18:00:07,28.26,68,2.43,0.0
2024-10-13 19:00:07,29.73,62,1.34,0.0
2024-10-13 20:00:08,28.81,66,1.79,0.0
2024-10-13 21:00:07,28.0,70,1.79,0.0
2024-10-13 22:00:07,27.6,70,1.79,0.0
2024-10-13 23:00:07,26.18,76,1.34,0.0
2024-10-14 00:00:07,24.96,80,3.17,0.0
2024-10-14 01:00:07,23.86,85,2.56,0.0
2024-10-14 02:00:07,23.3,88,0.45,0.0
2024-10-14 03:00:07,22.38,90,1.96,0.0
2024-10-14 04:00:07,21.26,92,1.67,0.0
2024-10-14 05:00:07,21.28,93,1.51,0.0
2024-10-14 06:00:07,21.16,94,1.62,0.0
2024-10-14 07:00:07,20.66,94,1.1,0.0
2024-10-14 08:00:07,20.68,95,0.92,0.0
2024-10-14 09:00:08,20.16,95,1.56,0.0
2024-10-14 10:00:07,20.57,96,1.74,0.0
2024-10-14 11:00:07,19.59,96,1.83,0.0
2024-10-14 12:00:07,19.49,96,1.75,0.0
2024-10-14 13:00:08,21.62,97,1.82,0.0
2024-10-14 14:00:07,24.7,87,2.24,0.0
2024-10-14 15:00:09,25.76,81,1.79,0.0
2024-10-14 16:00:08,26.79,72,2.68,0.0
2024-10-14 17:00:08,27.55,63,2.68,0.0
2024-10-14 18:00:07,28.85,53,0.45,0.0
2024-10-14 19:00:07,29.28,48,0.89,0.0
2024-10-14 20:00:07,29.32,48,0.45,0.0
2024-10-14 21:00:07,29.46,49,0.45,0.0
2024-10-14 22:00:07,29.33,51,0.89,0.0
2024-10-14 23:00:07,26.36,59,2.11,0.0
2024-10-15 00:00:09,23.9,74,2.68,0.0
2024-10-15 01:00:09,22.77,79,2.52,0.0
2024-10-15 02:00:09,21.94,80,2.65,0.0
2024-10-15 03:00:08,22.31,65,2.58,0.0
2024-10-15 04:00:07,20.09,87,2.62,0.0
2024-10-15 05:00:07,21.12,69,2.57,0.0
2024-10-15 06:00:08,19.0,91,2.45,0.0
2024-10-15 07:00:06,19.37,76,2.47,0.0
2024-10-15 08:00:06,19.4,94,2.38,0.0
2024-10-15 09:00:06,18.45,94,2.28,0.0
2024-10-15 10:00:07,18.41,95,2.16,0.0
2024-10-15 11:00:07,19.41,95,2.04,0.0
2024-10-15 12:00:07,18.83,96,1.8,0.0
2024-10-15 13:00:07,21.49,96,0.89,0.0
2024-10-15 14:00:07,22.78,95,0.45,0.0
2024-10-15 15:00:06,25.42,83,1.94,0.0
2024-10-15 16:00:09,26.26,77,2.28,0.0
2024-10-15 17:00:08,27.11,75,0.45,0.0
2024-10-15 18:00:06,28.51,68,1.34,0.0
2024-10-15 19:00:08,29.67,59,1.79,0.0
2024-10-15 20:00:07,29.44,59,0.89,0.0
2024-10-15 21:00:07,29.9,57,2.85,0.0
2024-10-15 22:00:08,29.28,61,2.5,0.0
2024-10-15 23:00:07,27.76,68,2.73,0.0
2024-10-16 00:00:07,24.68,81,3.16,0.0
2024-10-16 01:00:07,25.05,83,3.13,0.0
2024-10-16 02:00:07,24.09,86,1.34,0.0
2024-10-16 03:00:06,23.17,88,2.0,0.0
2024-10-16 04:00:06,22.71,90,2.05,0.0
2024-10-16 05:00:07,21.96,91,2.05,0.0
2024-10-16 06:00:07,21.1,93,1.95,0.0
2024-10-16 07:00:08,21.81,94,1.44,0.0
2024-10-16 08:00:08,21.45,93,2.2,0.0
2024-10-16 09:00:07,20.7,91,2.14,0.0
2024-10-16 10:00:07,19.57,91,2.34,0.0
2024-10-16 11:00:09,19.06,91,2.58,0.0
2024-10-16 12:00:08,19.02,90,0.45,0.0
2024-10-16 13:00:06,21.43,83,2.24,0.0
2024-10-16 14:00:07,20.93,76,4.92,0.0
2024-10-16 15:00:07,21.15,67,2.68,0.0
2024-10-16 16:00:08,22.61,56,3.58,0.0
2024-10-16 17:00:07,22.55,56,3.13,0.0
2024-10-16 18:00:07,21.51,59,4.47,0.0
2024-10-16 19:00:08,20.93,59,4.92,0.0
2024-10-16 20:00:08,20.42,57,2.68,0.0
2024-10-16 21:00:07,20.78,59,4.02,0.0
2024-10-16 22:00:07,19.08,60,3.58,0.0
2024-10-16 23:00:08,17.61,63,1.79,0.0
2024-10-17 00:00:09,17.1,65,2.68,0.0
2024-10-17 01:00:08,16.32,64,6.71,0.0
2024-10-17 02:00:09,16.38,64,2.24,0.0
2024-10-17 03:00:08,15.85,66,3.58,0.0
2024-10-17 04:00:08,15.76,67,1.79,0.0
2024-10-17 05:00:08,15.64,67,2.24,0.0
2024-10-17 06:00:07,14.75,71,0.89,0.0
2024-10-17 07:00:09,14.94,70,1.79,0.0
2024-10-17 08:00:08,13.56,75,0.89,0.0
2024-10-17 09:00:08,13.95,75,0.89,0.0
2024-10-17 10:00:07,13.95,77,2.68,0.0
2024-10-17 11:00:07,13.58,79,1.79,0.0
2024-10-17 12:00:07,13.44,80,3.67,0.0
2024-10-17 13:00:06,16.48,74,4.47,0.0
2024-10-17 14:00:07,19.42,66,3.58,0.0
2024-10-17 15:00:07,21.64,61,5.81,0.0
2024-10-17 16:00:07,22.42,58,5.96,0.0
2024-10-17 17:00:07,23.03,58,6.19,0.0
2024-10-17 18:00:07,22.37,60,6.5,0.0
2024-10-17 19:00:08,23.34,55,4.02,0.0
2024-10-17 20:00:09,23.4,55,4.47,0.0
2024-10-17 21:00:07,21.96,58,2.24,0.0
2024-10-17 22:00:09,21.44,62,5.36,0.0
2024-10-17 23:00:08,19.27,69,4.92,0.0
2024-10-18 00:00:08,18.16,72,3.58,0.0
2024-10-18 01:00:07,18.06,74,2.24,0.0
2024-10-18 02:00:08,17.86,75,4.02,0.0
2024-10-18 03:00:07,16.96,79,4.02,0.0
2024-10-18 04:00:07,17.06,81,1.79,0.0
2024-10-18 05:00:06,17.2,82,0.89,0.0
2024-10-18 06:00:07,17.43,82,1.34,0.0
2024-10-18 07:00:07,17.42,83,0.89,0.0
2024-10-18 08:00:08,18.13,80,0.89,0.0
2024-10-18 09:00:09,17.78,81,0.45,0.0
2024-10-18 10:00:08,17.78,80,1.34,0.0
2024-10-18 11:00:08,17.29,81,1.34,0.0
2024-10-18 12:00:07,18.08,79,4.6,0.0
2024-10-18 13:00:08,19.77,75,1.34,0.0
2024-10-18 14:00:07,22.27,65,3.13,0.0
2024-10-18 15:00:07,24.41,59,3.58,0.0
2024-10-18 16:00:07,25.29,56,4.47,0.0
2024-10-18 17:00:07,25.24,59,6.71,0.0
2024-10-18 18:00:07,25.55,55,3.58,0.0
2024-10-18 19:00:07,25.27,57,2.68,0.0
2024-10-18 20:00:07,25.92,59,2.24,0.0
2024-10-18 21:00:07,25.41,60,5.81,0.0
2024-10-18 22:00:08,24.83,62,2.24,0.0
2024-10-18 23:00:07,23.01,67,2.24,0.0
2024-10-19 00:00:07,21.9,71,1.34,0.0
2024-10-19 01:00:07,20.57,80,1.34,0.0
2024-10-19 02:00:08,21.07,82,1.34,0.0
2024-10-19 03:00:07,21.26,81,0.45,0.0
2024-10-19 04:00:06,20.4,83,1.79,0.0
2024-10-19 05:00:07,20.34,83,1.34,0.0
2024-10-19 06:00:07,19.68,85,1.34,0.0
2024-10-19 07:00:07,19.27,86,1.34,0.0
2024-10-19 08:00:07,19.26,87,1.79,0.0
2024-10-19 09:00:07,19.25,87,1.34,0.0
2024-10-19 10:00:07,19.26,86,1.79,0.0
2024-10-19 11:00:06,19.38,86,0.89,0.0
2024-10-19 12:00:08,19.05,86,1.34,0.0
2024-10-19 13:00:07,21.75,79,1.34,0.0
2024-10-19 14:00:07,25.22,69,2.24,0.0
2024-10-19 15:00:07,26.61,59,4.02,0.0
2024-10-19 16:00:07,26.96,55,5.81,0.0
2024-10-19 17:00:07,27.16,52,2.24,0.0
2024-10-19 18:00:07,27.4,56,6.26,0.0
2024-10-19 19:00:07,26.0,65,4.02,0.0
2024-10-19 20:00:07,25.53,66,3.58,0.0
2024-10-19 21:00:06,25.21,64,3.58,0.0
2024-10-19 22:00:06,24.82,64,2.24,0.0
2024-10-19 23:00:07,23.15,69,0.89,0.0
2024-10-20 00:00:07,22.19,73,0.45,0.0
2024-10-20 01:00:07,21.25,76,0.89,0.0
2024-10-20 02:00:08,21.25,77,1.79,0.0
2024-10-20 03:00:06,22.0,59,3.95,0.0
2024-10-20 04:00:06,20.15,84,2.24,0.0
2024-10-20 05:00:06,20.57,89,1.34,0.0
2024-10-20 06:00:07,20.27,92,1.34,0.0
2024-10-20 07:00:07,19.9,94,2.24,0.0
2024-10-20 08:00:08,19.9,94,0.89,0.0
2024-10-20 09:00:06,19.91,94,3.13,0.0
2024-10-20 10:00:06,20.57,94,1.34,0.0
2024-10-20 11:00:07,20.93,94,4.02,0.0
2024-10-20 12:00:08,20.94,93,1.34,0.0
2024-10-20 13:00:08,21.23,92,2.24,0.0
2024-10-20 14:00:07,23.15,86,4.47,0.0
2024-10-20 15:00:07,24.0,64,5.04,0.42
2024-10-20 16:00:07,24.28,85,2.68,0.0
2024-10-20 17:00:07,24.84,82,1.34,0.0
2024-10-20 18:00:08,26.64,76,1.79,0.0
2024-10-20 19:00:07,25.88,83,2.68,0.0
2024-10-20 20:00:07,27.98,66,4.02,0.0
2024-10-20 21:00:07,27.1,69,3.58,0.0
2024-10-20 22:00:07,26.33,68,4.92,0.0
2024-10-20 23:00:07,24.27,76,2.24,0.0
2024-10-21 00:00:07,23.56,80,0.89,0.0
2024-10-21 01:00:07,23.0,83,2.68,0.0
2024-10-21 02:00:07,22.45,86,2.24,0.0
2024-10-21 03:00:07,21.96,91,1.79,0.0
2024-10-21 04:00:07,21.53,92,1.79,0.0
2024-10-21 05:00:08,21.01,93,2.68,0.0
2024-10-21 06:00:07,21.01,93,1.79,0.0
2024-10-21 07:00:07,20.93,94,1.34,0.0
2024-10-21 08:00:07,20.43,94,2.24,0.0
2024-10-21 09:00:07,20.43,94,1.34,0.0
2024-10-21 10:00:07,20.43,93,1.34,0.0
2024-10-21 11:00:07,20.38,92,0.89,0.0
2024-10-21 12:00:07,20.23,92,1.34,0.0
2024-10-21 13:00:07,21.61,87,1.34,0.0
2024-10-21 14:00:08,23.59,81,1.34,0.0
2024-10-21 15:00:07,25.94,77,2.68,0.0
2024-10-21 16:00:08,26.93,72,5.45,0.0
2024-10-21 17:00:07,27.56,69,6.16,0.0
2024-10-21 18:00:07,27.11,74,2.24,0.0
2024-10-21 19:00:07,27.77,73,4.02,0.0
2024-10-21 20:00:09,26.69,79,2.24,0.0
2024-10-21 21:00:08,26.96,75,2.68,0.0
2024-10-21 22:00:08,24.02,86,3.13,0.0
2024-10-21 23:00:08,23.7,87,2.68,0.0
2024-10-22 00:00:07,23.14,88,1.34,0.0
2024-10-22 01:00:08,23.05,89,1.79,0.0
2024-10-22 02:00:07,22.59,89,2.24,0.0
2024-10-22 03:00:07,21.95,90,0.89,0.0
2024-10-22 04:00:07,21.63,91,1.34,0.0
2024-10-22 05:00:06,21.18,93,0.45,0.0
2024-10-22 06:00:07,20.84,94,1.79,0.0
2024-10-22 07:00:07,21.23,93,1.34,0.0
2024-10-22 08:00:07,21.22,93,0.45,0.0
2024-10-22 09:00:06,21.17,93,1.34,0.0
2024-10-22 10:00:07,20.79,94,0.89,0.0
2024-10-22 11:00:08,20.93,94,1.34,0.0
2024-10-22 12:00:07,20.94,94,2.24,0.0
2024-10-22 13:00:07,22.5,91,1.79,0.0
2024-10-22 14:00:07,25.92,79,1.79,0.0
2024-10-22 15:00:07,26.51,74,5.63,0.0
2024-10-22 16:00:07,27.58,67,5.71,0.0
2024-10-22 17:00:08,27.63,62,5.6,0.0
2024-10-22 18:00:07,29.6,59,2.68,0.0
2024-10-22 19:00:07,27.56,68,6.66,0.0
2024-10-22 20:00:07,28.72,62,2.24,0.0
2024-10-22 21:00:08,27.92,63,4.47,0.0
2024-10-22 22:00:09,26.96,67,3.13,0.0
2024-10-22 23:00:07,24.98,72,4.02,0.0
2024-10-23 00:00:09,24.54,80,3.13,0.0
2024-10-23 01:00:10,23.0,84,1.34,0.0
2024-10-23 02:00:07,22.85,83,1.34,0.0
2024-10-23 03:00:08,22.35,86,0.45,0.0
2024-10-23 04:00:07,22.19,89,0.45,0.0
2024-10-23 05:00:07,21.64,90,1.34,0.0
2024-10-23 06:00:08,21.67,91,1.34,0.0
2024-10-23 07:00:07,20.86,93,0.89,0.0
2024-10-23 08:00:08,21.15,94,0.89,0.0
2024-10-23 09:00:07,21.16,94,1.34,0.0
2024-10-23 10:00:07,20.78,95,1.34,0.0
2024-10-23 11:00:08,20.79,95,2.68,0.0
2024-10-23 12:00:07,20.27,95,0.89,0.0
2024-10-23 13:00:07,22.35,90,2.24,0.0
2024-10-23 14:00:07,24.83,80,4.02,0.0
2024-10-23 15:00:07,26.96,71,2.24,0.0
2024-10-23 16:00:06,27.6,64,3.89,0.0
2024-10-23 17:00:07,28.0,62,4.02,0.0
2024-10-23 18:00:07,28.07,62,2.68,0.0
2024-10-23 19:00:07,29.07,57,4.02,0.0
2024-10-23 20:00:06,29.09,60,2.68,0.0
2024-10-23 21:00:07,28.43,60,3.13,0.0
2024-10-23 22:00:07,27.44,63,1.34,0.0
2024-10-23 23:00:07,25.23,70,1.34,0.0
2024-10-24 00:00:08,23.56,78,1.79,0.0
2024-10-24 01:00:08,23.3,79,1.34,0.0
2024-10-24 02:00:06,21.9,83,2.24,0.0
2024-10-24 03:00:07,21.65,84,2.24,0.0
2024-10-24 04:00:07,20.78,90,1.34,0.0
2024-10-24 05:00:07,21.15,91,0.89,0.0
2024-10-24 06:00:07,20.66,93,0.89,0.0
2024-10-24 07:00:09,20.27,94,0.45,0.0
2024-10-24 08:00:08,20.48,93,0.45,0.0
2024-10-24 09:00:11,19.6,94,2.67,0.0
2024-10-24 10:00:14,19.42,94,2.45,0.0
2024-10-24 11:00:08,18.88,95,2.52,0.0
2024-10-24 12:00:08,18.38,95,2.57,0.0
2024-10-24 13:00:07,20.3,95,0.89,0.0
2024-10-24 14:00:07,20.38,95,0.89,0.0
2024-10-24 15:00:06,26.08,69,0.89,0.0
2024-10-24 16:00:06,26.98,62,1.79,0.0
2024-10-24 17:00:06,27.93,58,4.02,0.0
2024-10-24 18:00:06,28.46,53,1.34,0.0
2024-10-24 19:00:07,29.03,49,1.79,0.0
2024-10-24 20:00:07,28.74,49,1.79,0.0
2024-10-24 21:00:06,29.1,47,1.79,0.0
2024-10-24 22:00:07,27.74,56,3.12,0.0
2024-10-24 23:00:07,25.52,64,0.45,0.0
2024-10-25 00:00:07,23.29,75,3.16,0.0
2024-10-25 01:00:06,22.18,81,0.45,0.0
2024-10-25 02:00:06,20.53,87,2.41,0.0
2024-10-25 03:00:07,19.41,91,2.27,0.0
2024-10-25 04:00:07,18.85,92,2.09,0.0
2024-10-25 05:00:07,18.31,92,1.85,0.0
2024-10-25 06:00:06,17.86,93,1.7,0.0
2024-10-25 07:00:07,17.29,94,1.28,0.0
2024-10-25 08:00:06,17.27,95,1.49,0.0
2024-10-25 09:00:06,16.77,95,1.6,0.0
2024-10-25 10:00:08,16.76,95,1.61,0.0
2024-10-25 11:00:07,16.76,96,1.62,0.0
2024-10-25 12:00:08,17.17,96,1.39,0.0
2024-10-25 13:00:07,19.27,96,0.89,0.0
2024-10-25 14:00:07,23.7,82,1.34,0.0
2024-10-25 15:00:07,24.98,70,2.36,0.0
2024-10-25 16:00:06,26.33,65,2.42,0.0
2024-10-25 17:00:07,28.22,59,1.79,0.0
2024-10-25 18:00:07,28.78,58,2.24,0.0
2024-10-25 19:00:07,27.83,60,2.48,0.0
2024-10-25 20:00:08,29.09,57,3.13,0.0
2024-10-25 21:00:08,28.95,55,0.89,0.0
2024-10-25 22:00:07,28.36,56,0.89,0.0
2024-10-25 23:00:07,25.54,68,0.89,0.0
2024-10-26 00:00:08,24.54,75,0.89,0.0
2024-10-26 01:00:07,22.74,81,0.89,0.0
2024-10-26 02:00:07,22.19,86,1.34,0.0
2024-10-26 03:00:07,21.08,89,2.18,0.0
2024-10-26 04:00:07,20.1,92,1.99,0.0
2024-10-26 05:00:06,21.65,88,2.07,0.0
2024-10-26 06:00:07,19.67,94,2.1,0.0
2024-10-26 07:00:07,19.64,94,2.24,0.0
2024-10-26 08:00:07,19.98,94,0.45,0.0
2024-10-26 09:00:06,19.57,93,2.28,0.0
2024-10-26 10:00:07,18.95,93,0.45,0.0
2024-10-26 11:00:07,18.37,94,2.12,0.0
2024-10-26 12:00:07,18.37,95,2.21,0.0
2024-10-26 13:00:07,21.18,95,1.79,0.0
2024-10-26 14:00:06,24.66,73,4.02,0.0
2024-10-26 15:00:06,26.31,61,1.79,0.0
2024-10-26 16:00:07,26.51,60,3.33,0.0
2024-10-26 17:00:07,27.93,54,1.79,0.0
2024-10-26 18:00:07,28.48,51,5.81,0.0
2024-10-26 19:00:06,28.58,49,3.13,0.0
